City_ID,City,Country,Date,Lat,Lng,Max Temp,Humidity,Cloudiness,Wind Speed
0,Camapua,BR,2022-11-23 22:22:10,-19.5314,-54.0439,80.35,58,80,2.98
1,Vaini,TO,2022-11-23 22:21:12,-21.2,-175.2,84.36,74,40,5.75
2,Timra,SE,2022-11-23 22:22:11,62.487,17.3257,26.67,86,100,5.75
3,Airai,TL,2022-11-23 22:22:12,-8.9266,125.4092,62.92,85,100,1.86
4,Camp Diable,MU,2022-11-23 22:22:12,-20.4628,57.5789,74.23,88,40,6.91
5,Cherskiy,RU,2022-11-23 22:22:13,68.75,161.3,-26.5,97,99,2.37
6,Buala,SB,2022-11-23 22:22:13,-8.145,159.5921,83.73,72,35,7.18
7,Kindu,CD,2022-11-23 22:22:14,-2.95,25.95,68.07,99,67,1.07
8,Hofn,IS,2022-11-23 22:22:14,64.2539,-15.2082,40.21,80,100,22.91
9,Ushuaia,AR,2022-11-23 22:20:04,-54.8,-68.3,44.26,65,75,28.77
10,Kapaa,US,2022-11-23 22:22:15,22.0752,-159.319,82.38,70,20,17.27
11,Qaanaaq,GL,2022-11-23 22:22:15,77.484,-69.3632,12.52,89,91,1.34
12,Sechura,PE,2022-11-23 22:22:16,-5.5569,-80.8222,73.51,62,18,13.85
13,Puerto Ayora,EC,2022-11-23 22:22:16,-0.7393,-90.3518,76.96,94,77,3.0
14,Morant Bay,JM,2022-11-23 22:22:16,17.8815,-76.4093,83.82,80,100,9.75
15,Tiksi,RU,2022-11-23 22:22:17,71.6872,128.8694,-26.16,100,100,4.03
16,Iquitos,PE,2022-11-23 22:22:17,-3.7481,-73.2472,78.84,83,75,2.3
17,Olinda,BR,2022-11-23 22:22:18,-8.0089,-34.8553,80.33,69,20,6.91
18,Cape Town,ZA,2022-11-23 22:20:03,-33.9258,18.4232,63.27,82,75,16.11
19,Barra Patuca,HN,2022-11-23 22:22:19,15.8,-84.2833,79.43,85,28,6.69
20,Bluff,NZ,2022-11-23 22:22:19,-46.6,168.3333,50.7,75,100,22.03
21,Albany,US,2022-11-23 22:20:00,42.6001,-73.9662,43.21,60,53,6.13
22,Georgetown,MY,2022-11-23 22:22:20,5.4112,100.3354,80.53,93,40,0.0
23,Hilo,US,2022-11-23 22:22:21,19.7297,-155.09,81.25,70,40,8.05
24,New Norfolk,AU,2022-11-23 22:22:21,-42.7826,147.0587,62.1,60,100,8.01
25,Rikitea,PF,2022-11-23 22:22:22,-23.1203,-134.9692,73.06,81,100,6.73
26,Hatod,IN,2022-11-23 22:22:22,22.8,75.7333,59.79,43,33,5.44
27,Saint George,US,2022-11-23 22:21:01,37.1041,-113.5841,57.25,23,0,3.44
28,Pallisa,UG,2022-11-23 22:22:23,1.145,33.7094,66.81,90,100,3.53
29,Busselton,AU,2022-11-23 22:22:23,-33.65,115.3333,59.85,84,100,6.46
30,Chibombo,ZM,2022-11-23 22:22:24,-14.6569,28.0706,68.07,79,100,2.46
31,Cidreira,BR,2022-11-23 22:22:20,-30.1811,-50.2056,67.15,71,98,8.25
32,Dingle,PH,2022-11-23 22:22:24,10.9995,122.6711,75.99,92,100,6.78
33,Poum,NC,2022-11-23 22:22:25,-20.2333,164.0167,79.34,75,30,4.23
34,Carnarvon,AU,2022-11-23 22:22:25,-24.8667,113.6333,67.86,76,0,11.1
35,Saldanha,ZA,2022-11-23 22:22:26,-33.0117,17.9442,60.85,83,100,10.0
36,Mastic Beach,US,2022-11-23 22:22:26,40.7668,-72.8521,52.0,52,0,0.0
37,Tasiilaq,GL,2022-11-23 22:22:26,65.6145,-37.6368,30.36,64,100,5.55
38,Constitucion,CL,2022-11-23 22:22:27,-35.3333,-72.4167,66.67,69,25,19.89
39,Kahului,US,2022-11-23 22:22:27,20.8947,-156.47,84.22,62,40,20.71
40,Kaabong,UG,2022-11-23 22:22:28,3.4836,34.1492,65.77,67,10,4.27
41,Hobart,AU,2022-11-23 22:18:54,-42.8794,147.3294,62.46,65,40,13.8
42,Hermanus,ZA,2022-11-23 22:22:28,-34.4187,19.2345,66.79,80,100,16.8
43,Mataura,NZ,2022-11-23 22:23:29,-46.1927,168.8643,43.74,99,100,8.3
44,Port Hardy,CA,2022-11-23 22:23:30,50.6996,-127.4199,46.58,87,100,19.57
45,Evensk,RU,2022-11-23 22:23:30,61.95,159.2333,3.38,84,100,9.22
46,Celestun,MX,2022-11-23 22:23:30,20.8667,-90.4,80.71,74,57,6.87
47,Bardiyah,LY,2022-11-23 22:23:31,31.7561,25.0865,63.32,35,1,17.58
48,Rancho Palos Verdes,US,2022-11-23 22:23:31,33.7445,-118.387,76.51,55,40,5.01
49,Anadyr,RU,2022-11-23 22:23:32,64.75,177.4833,23.5,93,100,38.03
50,Qaqortoq,GL,2022-11-23 22:23:32,60.7167,-46.0333,27.16,70,99,10.36
51,Saskylakh,RU,2022-11-23 22:23:33,71.9167,114.0833,-36.92,100,84,2.44
52,Tazmalt,DZ,2022-11-23 22:23:33,36.3868,4.3989,62.78,71,57,4.59
53,Narsaq,GL,2022-11-23 22:23:33,60.9167,-46.05,43.02,68,100,11.72
54,Krutinka,RU,2022-11-23 22:23:34,56.0055,71.5113,-4.32,92,100,4.9
55,Sorland,NO,2022-11-23 22:23:34,67.667,12.6934,40.86,54,100,16.98
56,Punta Arenas,CL,2022-11-23 22:20:31,-53.15,-70.9167,44.71,61,40,36.82
57,Kungurtug,RU,2022-11-23 22:23:35,50.5994,97.5228,-3.42,93,92,2.59
58,Avarua,CK,2022-11-23 22:23:35,-21.2078,-159.775,78.85,78,40,12.66
59,Barahona,DO,2022-11-23 22:23:36,18.2085,-71.1008,84.02,79,20,9.22
60,Orichi,RU,2022-11-23 22:23:36,58.4036,49.0572,20.97,94,100,11.45
61,Hamilton,US,2022-11-23 22:18:37,39.1834,-84.5333,54.45,43,0,4.61
62,Santa Cruz,BO,2022-11-23 22:18:48,-17.8,-63.1667,91.45,35,62,8.05
63,Nikolskoye,RU,2022-11-23 22:23:37,59.7035,30.7861,24.69,85,62,5.21
64,Nichinan,JP,2022-11-23 22:23:38,31.6,131.3667,51.48,81,5,4.38
65,Lagoa,PT,2022-11-23 22:23:38,39.05,-27.9833,61.97,73,54,23.91
66,Naze,JP,2022-11-23 22:23:39,28.3667,129.4833,65.32,72,49,10.65
67,East London,ZA,2022-11-23 22:23:39,-33.0153,27.9116,70.03,82,43,23.38
68,Vardo,NO,2022-11-23 22:23:40,70.3705,31.1107,19.38,86,52,31.07
69,Dikson,RU,2022-11-23 22:23:40,73.5069,80.5464,-22.0,98,89,11.88
70,Rangapara,IN,2022-11-23 22:23:41,26.8167,92.65,59.27,77,3,4.05
71,Moree,AU,2022-11-23 22:23:41,-29.4667,149.85,71.08,41,88,5.73
72,Nuuk,GL,2022-11-23 22:23:15,64.1835,-51.7216,25.41,86,40,13.8
73,Pangnirtung,CA,2022-11-23 22:23:42,66.1451,-65.7125,3.2,78,0,3.44
74,Castro,BR,2022-11-23 22:23:42,-24.7911,-50.0119,65.14,83,3,2.3
75,Ler,SS,2022-11-23 22:23:43,8.3018,30.1418,77.52,53,23,3.98
76,Arraial Do Cabo,BR,2022-11-23 22:23:43,-22.9661,-42.0278,76.96,78,40,17.27
77,Dalian,CN,2022-11-23 22:20:41,38.9122,121.6022,39.13,93,20,2.24
78,Port Blair,IN,2022-11-23 22:23:44,11.6667,92.75,79.16,83,100,7.05
79,Santo Antonio Do Ica,BR,2022-11-23 22:21:48,-3.1022,-67.9397,71.89,99,100,1.16
80,Ancud,CL,2022-11-23 22:23:44,-41.8697,-73.8203,54.39,93,100,10.49
81,Codrington,AU,2022-11-23 22:22:28,-38.2667,141.9667,55.42,77,77,7.85
82,Bethel,US,2022-11-23 22:23:45,41.3712,-73.414,48.94,52,0,0.0
83,Marion,US,2022-11-23 22:23:45,39.7684,-86.1555,56.03,45,75,5.75
84,Tuktoyaktuk,CA,2022-11-23 22:23:46,69.4541,-133.0374,8.6,92,100,4.61
85,Talnakh,RU,2022-11-23 22:23:46,69.4865,88.3972,-29.76,97,16,1.48
86,Zlitan,LY,2022-11-23 22:23:47,32.4674,14.5687,65.39,47,2,10.09
87,Yeppoon,AU,2022-11-23 22:23:47,-23.1333,150.7333,78.58,66,32,8.14
88,Atuona,PF,2022-11-23 22:24:47,-9.8,-139.0333,77.97,77,11,15.12
89,Ribeira Brava,PT,2022-11-23 22:24:48,32.65,-17.0667,69.71,71,83,3.51
90,Chuy,UY,2022-11-23 22:24:48,-33.6971,-53.4616,63.86,67,0,6.4
91,Te Anau,NZ,2022-11-23 22:21:14,-45.4167,167.7167,47.97,82,99,5.19
92,Wattegama,LK,2022-11-23 22:24:49,6.7989,81.4808,73.29,92,94,2.26
93,Urumqi,CN,2022-11-23 22:22:01,43.801,87.6005,31.15,80,0,6.71
94,Belaya Gora,RU,2022-11-23 22:24:50,68.5333,146.4167,-30.3,100,100,3.31
95,Lokosovo,RU,2022-11-23 22:21:24,61.1333,74.8167,2.8,95,100,13.11
96,Hambantota,LK,2022-11-23 22:24:50,6.1241,81.1185,75.88,80,100,6.76
97,Artyom,AZ,2022-11-23 22:24:51,40.4723,50.333,50.14,73,0,12.93
98,Provideniya,RU,2022-11-23 22:24:51,64.3833,-173.3,15.91,73,100,11.18
99,Ucluelet,CA,2022-11-23 22:24:52,48.9329,-125.5528,49.08,89,100,1.99
100,Fort Nelson,CA,2022-11-23 22:24:52,58.8053,-122.7002,27.95,72,75,0.0
101,Presidente Epitacio,BR,2022-11-23 22:24:52,-21.7633,-52.1156,79.5,64,97,8.84
102,Winona,US,2022-11-23 22:20:10,43.9666,-91.7668,46.6,57,0,0.0
103,Fortuna,US,2022-11-23 22:24:53,40.5982,-124.1573,60.93,77,0,6.91
104,Manokwari,ID,2022-11-23 22:24:54,-0.8667,134.0833,79.74,76,100,5.75
105,Ballina,AU,2022-11-23 22:24:54,-28.8667,153.5667,72.01,87,100,5.57
106,San Lazaro,BZ,2022-11-23 22:24:54,18.0387,-88.6622,76.71,74,89,2.75
107,Port Alfred,ZA,2022-11-23 22:24:55,-33.5906,26.891,65.17,88,46,3.0
108,Savino,RU,2022-11-23 22:24:55,56.5929,41.2181,23.99,94,100,7.54
109,Longyearbyen,SJ,2022-11-23 22:24:56,78.2186,15.6401,33.64,75,75,9.22
110,Muborak,UZ,2022-11-23 22:24:56,39.2553,65.1528,58.08,34,100,5.44
111,Soyo,AO,2022-11-23 22:24:57,-6.1349,12.3689,79.0,82,68,6.42
112,Raga,SS,2022-11-23 22:24:57,8.4596,25.678,78.42,34,45,2.51
113,Stokmarknes,NO,2022-11-23 22:24:58,68.5646,14.9108,37.38,48,100,8.05
114,Namatanai,PG,2022-11-23 22:23:39,-3.6667,152.4333,83.07,68,98,8.05
115,Ribeira Grande,PT,2022-11-23 22:24:58,38.5167,-28.7,62.78,73,45,7.0
116,Salalah,OM,2022-11-23 22:24:59,17.0151,54.0924,75.29,78,0,2.3
117,Sainte-Maxime,FR,2022-11-23 22:24:59,43.3,6.6333,60.82,50,1,24.49
118,Upernavik,GL,2022-11-23 22:24:59,72.7868,-56.1549,23.86,86,96,15.73
119,Butaritari,KI,2022-11-23 22:25:00,3.0707,172.7902,80.82,72,94,5.59
120,Bredasdorp,ZA,2022-11-23 22:25:00,-34.5322,20.0403,64.51,55,100,16.08
121,Beloha,MG,2022-11-23 22:25:01,-25.1667,45.05,71.55,89,34,8.66
122,Klaksvik,FO,2022-11-23 22:25:01,62.2266,-6.589,47.32,86,100,36.82
123,Severo-Kurilsk,RU,2022-11-23 22:25:02,50.6789,156.125,34.2,63,92,15.21
124,Yellowknife,CA,2022-11-23 22:25:02,62.456,-114.3525,21.72,86,75,8.05
125,Kyakhta,RU,2022-11-23 22:25:03,50.3508,106.4494,6.48,96,96,2.48
126,Hun,LY,2022-11-23 22:25:03,29.1268,15.9477,60.15,34,0,6.82
127,Stornoway,GB,2022-11-23 22:25:04,58.2093,-6.3865,48.92,75,75,14.97
128,Merauke,ID,2022-11-23 22:25:04,-8.4667,140.3333,76.39,93,100,13.24
129,Pevek,RU,2022-11-23 22:25:04,69.7008,170.3133,-28.32,98,77,2.89
130,Pangody,RU,2022-11-23 22:25:05,65.85,74.4859,-18.49,99,13,7.0
131,Acapulco,MX,2022-11-23 22:25:05,16.8634,-99.8901,85.82,74,40,4.61
132,Catamarca,AR,2022-11-23 22:25:06,-28.4696,-65.7852,93.06,24,6,4.0
133,Berdigestyakh,RU,2022-11-23 22:25:06,62.0989,126.6992,-32.58,100,100,1.25
134,Diego De Almagro,CL,2022-11-23 22:21:28,-26.3667,-70.05,75.87,23,0,9.53
135,Torbay,CA,2022-11-23 22:26:07,47.6666,-52.7314,35.76,95,75,11.5
136,Diu,IN,2022-11-23 22:26:07,20.7141,70.9822,70.92,40,3,9.15
137,Awash,ET,2022-11-23 22:26:08,8.9833,40.1667,70.99,44,12,2.13
138,Diban,SY,2022-11-23 22:26:08,35.0365,40.5167,63.41,38,3,9.01
139,Broome,US,2022-11-23 22:26:09,42.2506,-75.833,39.69,72,20,5.75
140,Port Elizabeth,ZA,2022-11-23 22:26:10,-33.918,25.5701,67.32,77,0,11.5
141,Karratha,AU,2022-11-23 22:26:10,-20.7377,116.8463,78.67,55,44,1.14
142,Lebu,CL,2022-11-23 22:26:11,-37.6167,-73.65,60.33,85,4,14.97
143,Mareeba,AU,2022-11-23 22:26:12,-17.0,145.4333,84.49,76,15,4.23
144,Katsuura,JP,2022-11-23 22:26:12,35.1333,140.3,58.46,73,28,16.4
145,Esperance,AU,2022-11-23 22:26:12,-33.8667,121.9,71.24,45,92,18.45
146,Hithadhoo,MV,2022-11-23 22:26:13,-0.6,73.0833,80.71,78,100,13.04
147,Hobyo,SO,2022-11-23 22:26:13,5.3505,48.5268,79.21,72,0,10.11
148,Tera,NE,2022-11-23 22:26:14,14.0078,0.7531,76.89,12,2,9.51
149,Newport,GB,2022-11-23 22:26:14,51.5877,-2.9984,48.31,87,99,26.87
150,San Patricio,US,2022-11-23 22:26:15,28.017,-97.5169,67.87,87,95,8.5
151,Sao Filipe,CV,2022-11-23 22:26:15,14.8961,-24.4956,77.97,62,84,9.89
152,Aklavik,CA,2022-11-23 22:26:16,68.2191,-135.0107,8.26,96,100,7.2
153,Caapucu,PY,2022-11-23 22:26:16,-26.2167,-57.2,69.89,67,0,4.41
154,Mogadishu,SO,2022-11-23 22:26:17,2.0371,45.3438,79.79,78,27,14.5
155,Ilukste,LV,2022-11-23 22:26:17,55.9775,26.2966,14.41,99,87,1.52
156,Rosarito,MX,2022-11-23 22:26:18,32.3333,-117.0333,78.4,40,1,7.61
157,Jamestown,US,2022-11-23 22:24:57,42.097,-79.2353,46.04,42,0,3.44
158,Turtas,RU,2022-11-23 22:26:18,58.9417,69.1325,-8.73,95,5,3.85
159,Yining,CN,2022-11-23 22:26:19,29.0361,114.5636,57.51,88,99,1.23
160,Sao Marcos,BR,2022-11-23 22:26:19,-28.9711,-51.0681,65.52,80,51,4.25
161,Thompson,CA,2022-11-23 22:26:20,55.7435,-97.8558,26.76,93,75,4.61
162,Khammam,IN,2022-11-23 22:26:20,17.25,80.15,71.56,95,66,2.71
163,Saint-Philippe,RE,2022-11-23 22:26:21,-21.3585,55.7679,72.99,86,35,9.33
164,Kaitangata,NZ,2022-11-23 22:26:21,-46.2817,169.8464,47.79,81,95,13.33
165,Mabaruma,GY,2022-11-23 22:26:22,8.2,-59.7833,74.14,98,98,3.87
166,Karasjok,NO,2022-11-23 22:26:22,69.4719,25.5112,5.54,99,94,1.81
167,Odessa,UA,2022-11-23 22:26:23,46.4775,30.7326,52.16,88,100,18.63
168,Cessnock,AU,2022-11-23 22:26:23,-32.8333,151.35,73.42,52,0,2.82
169,Novikovo,RU,2022-11-23 22:26:24,51.1537,37.8879,20.46,96,8,3.58
170,Auki,SB,2022-11-23 22:26:24,-8.7676,160.7034,84.0,68,63,3.49
171,Bilibino,RU,2022-11-23 22:26:25,68.0546,166.4372,-15.48,92,100,5.77
172,Zhanaozen,KZ,2022-11-23 22:26:25,43.3,52.8,46.02,79,0,8.86
173,Praia,CV,2022-11-23 22:24:48,14.9215,-23.5087,77.54,65,87,16.11
174,Lompoc,US,2022-11-23 22:24:51,34.6391,-120.4579,78.85,47,0,19.57
175,Mahebourg,MU,2022-11-23 22:26:26,-20.4081,57.7,76.24,88,40,6.91
176,Salmo,CA,2022-11-23 22:26:26,49.1999,-117.2689,41.07,82,82,2.35
177,Kavaratti,IN,2022-11-23 22:26:27,10.5669,72.642,79.99,74,79,9.1
178,Cayenne,GF,2022-11-23 22:26:27,4.9333,-52.3333,80.64,83,20,5.75
179,Tanout,NE,2022-11-23 22:26:28,14.9709,8.8879,69.89,15,5,12.3
180,Iguaba Grande,BR,2022-11-23 22:26:28,-22.8392,-42.2289,77.04,78,40,17.27
181,Puga,MX,2022-11-23 22:27:29,21.5833,-104.8167,82.47,54,40,9.22
182,Nanortalik,GL,2022-11-23 22:27:29,60.1432,-45.2371,30.45,72,100,10.85
183,Marovoay,MG,2022-11-23 22:27:30,-16.1,46.6333,72.64,89,100,2.51
184,Okha,RU,2022-11-23 22:27:30,53.5739,142.9478,18.23,84,54,19.53
185,Axim,GH,2022-11-23 22:27:31,4.8699,-2.2405,78.78,82,5,6.11
186,Port Hedland,AU,2022-11-23 22:27:31,-20.3167,118.5667,75.25,83,100,3.44
187,Sitka,US,2022-11-23 22:27:32,57.0531,-135.33,44.49,70,100,28.77
188,Coquimbo,CL,2022-11-23 22:24:49,-29.9533,-71.3436,64.13,72,20,10.36
189,Ipixuna,BR,2022-11-23 22:27:32,-1.7625,-48.8043,75.96,93,57,3.36
190,Inhambane,MZ,2022-11-23 22:27:33,-23.865,35.3833,73.2,70,1,10.07
191,Shimoda,JP,2022-11-23 22:27:33,34.6667,138.95,58.1,82,3,7.49
192,Gamba,GA,2022-11-23 22:27:34,-2.65,10.0,76.95,87,13,4.43
193,Gao,ML,2022-11-23 22:27:35,16.6362,1.637,72.64,16,87,13.58
194,Vitry-Le-Francois,FR,2022-11-23 22:27:35,48.7333,4.5833,46.81,91,0,13.56
195,Pisco,PE,2022-11-23 22:24:12,-13.7,-76.2167,71.65,68,0,19.57
196,Sulechow,PL,2022-11-23 22:27:36,52.0836,15.6251,35.65,44,100,4.92
197,Kargil,IN,2022-11-23 22:27:37,34.5667,76.1,14.14,49,0,2.82
198,Chapleau,CA,2022-11-23 22:27:37,47.8405,-83.4034,33.89,86,100,4.61
199,Clyde River,CA,2022-11-23 22:27:38,70.4692,-68.5914,-3.77,71,100,2.3
200,San Ramon,US,2022-11-23 22:27:19,37.7799,-121.978,72.55,38,0,14.97
201,Chokurdakh,RU,2022-11-23 22:27:38,70.6333,147.9167,-27.33,100,70,6.22
202,Laguna,US,2022-11-23 22:27:39,38.421,-121.4238,71.15,41,0,5.75
203,Khuzhir,RU,2022-11-23 22:27:39,53.1939,107.3397,23.79,66,100,18.39
204,Tuatapere,NZ,2022-11-23 22:27:40,-46.1333,167.6833,50.7,74,100,12.21
205,Berlevag,NO,2022-11-23 22:27:41,70.8578,29.0864,23.0,68,0,9.22
206,Mount Isa,AU,2022-11-23 22:27:41,-20.7333,139.5,80.37,26,46,12.66
207,Aykhal,RU,2022-11-23 22:27:42,66.0,111.5,-12.69,99,100,6.35
208,Nyrob,RU,2022-11-23 22:27:42,60.733,56.7202,0.05,94,6,3.83
209,Pandan,PH,2022-11-23 22:27:43,14.0453,124.1694,80.11,85,46,9.78
210,Beringovskiy,RU,2022-11-23 22:27:43,63.05,179.3167,31.89,97,100,13.04
211,Quetta,PK,2022-11-23 22:27:44,30.199,67.0097,47.03,28,82,1.88
212,Iqaluit,CA,2022-11-23 22:24:43,63.7506,-68.5145,-5.31,83,20,15.01
213,Khatanga,RU,2022-11-23 22:27:45,71.9667,102.5,-41.21,100,68,0.76
214,Metro,ID,2022-11-23 22:27:45,-5.1131,105.3067,74.07,91,100,3.71
215,Kruisfontein,ZA,2022-11-23 22:27:46,-34.0033,24.7314,59.29,85,52,6.76
216,Marsh Harbour,BS,2022-11-23 22:27:46,26.5412,-77.0636,80.01,74,61,3.36
217,Cabo San Lucas,MX,2022-11-23 22:27:46,22.8909,-109.9124,81.52,51,20,9.22
218,Bereda,ES,2022-11-23 22:27:47,43.2686,-7.5406,51.42,90,93,5.37
219,Iskateley,RU,2022-11-23 22:27:47,67.6803,53.1512,21.74,96,100,6.29
220,Kandi,BJ,2022-11-23 22:27:48,11.1342,2.9386,74.91,18,33,5.59
221,Tingo Maria,PE,2022-11-23 22:27:48,-9.2895,-76.0088,75.51,95,67,0.51
222,Mugur-Aksy,RU,2022-11-23 22:27:49,50.35,90.5,-8.55,80,1,7.34
223,Walvis Bay,NA,2022-11-23 22:27:49,-22.9575,14.5053,63.55,67,1,6.91
224,Watrous,CA,2022-11-23 22:28:10,51.6668,-105.4679,31.78,74,100,11.5
225,Thinadhoo,MV,2022-11-23 22:28:50,0.5333,72.9333,80.94,77,89,14.5
226,Anloga,GH,2022-11-23 22:28:50,5.7947,0.8973,81.59,78,6,11.92
227,Ahipara,NZ,2022-11-23 22:28:51,-35.1667,173.1667,61.25,87,73,16.6
228,Red Deer,CA,2022-11-23 22:28:13,52.2668,-113.802,32.49,74,0,4.61
229,Pacific Grove,US,2022-11-23 22:28:51,36.6177,-121.9166,72.39,52,0,4.61
230,Meulaboh,ID,2022-11-23 22:28:52,4.1363,96.1285,74.66,87,59,3.24
231,Souillac,MU,2022-11-23 22:28:52,-20.5167,57.5167,73.78,88,40,6.91
232,Pouembout,NC,2022-11-23 22:28:53,-21.1333,164.9,86.05,58,11,3.94
233,Kavieng,PG,2022-11-23 22:28:53,-2.5744,150.7967,83.95,61,52,11.65
234,Asau,RO,2022-11-23 22:28:54,46.4333,26.4,33.28,95,100,3.13
235,Port Hawkesbury,CA,2022-11-23 22:28:54,45.6169,-61.3485,33.39,67,75,23.02
236,Namibe,AO,2022-11-23 22:28:54,-15.1961,12.1522,73.22,75,58,5.82
237,Bathsheba,BB,2022-11-23 22:28:55,13.2167,-59.5167,77.61,88,40,14.97
238,Havre-Saint-Pierre,CA,2022-11-23 22:28:55,50.2334,-63.5986,21.2,62,0,14.97
239,Dong Xoai,VN,2022-11-23 22:28:56,11.5333,106.9167,71.58,97,73,3.33
240,Shelburne,CA,2022-11-23 22:28:56,44.0787,-80.2041,36.36,85,81,3.38
241,Hasaki,JP,2022-11-23 22:28:57,35.7333,140.8333,54.0,68,34,23.51
242,Krasnoarmeysk,RU,2022-11-23 22:28:57,51.0239,45.6969,33.48,91,100,17.87
243,Santa Cruz De La Palma,ES,2022-11-23 22:28:57,28.6835,-17.7642,69.94,83,75,11.5
244,Zemio,CF,2022-11-23 22:28:58,5.0314,25.1361,69.4,87,68,3.18
245,Skjervoy,NO,2022-11-23 22:28:58,70.0311,20.9714,19.4,55,19,12.77
246,Victoria,HK,2022-11-23 22:24:50,22.2855,114.1577,73.96,92,100,17.0
247,Burley,US,2022-11-23 22:28:59,42.5357,-113.7928,42.76,49,0,21.85
248,Lata,PT,2022-11-23 22:28:59,40.1629,-8.3327,56.07,92,80,3.65
249,Grimshaw,CA,2022-11-23 22:29:00,56.1834,-117.6027,37.02,65,75,10.36
250,Singaraja,ID,2022-11-23 22:29:01,-8.112,115.0882,79.52,81,99,1.92
251,Viransehir,TR,2022-11-23 22:29:01,37.2353,39.7631,56.07,49,0,6.73
252,Montes Claros,BR,2022-11-23 22:29:02,-16.735,-43.8617,67.78,100,75,6.91
253,Tirumullaivasal,IN,2022-11-23 22:29:02,11.2333,79.8333,75.25,88,88,5.61
254,Biak,ID,2022-11-23 22:29:03,-0.9131,122.8766,76.3,78,100,1.79
255,Quatre Cocos,MU,2022-11-23 22:29:03,-20.2078,57.7625,76.08,80,9,9.17
256,Portland,US,2022-11-23 22:26:40,45.5234,-122.6762,54.68,90,100,5.75
257,Norman Wells,CA,2022-11-23 22:29:04,65.282,-126.8329,15.84,86,75,0.0
258,College,US,2022-11-23 22:29:05,64.8569,-147.8028,14.9,89,75,0.0
259,Guntakal,IN,2022-11-23 22:29:05,15.1667,77.3833,70.09,93,73,6.8
260,Kropotkin,RU,2022-11-23 22:29:06,45.4375,40.5756,47.93,80,99,7.36
261,Kita,ML,2022-11-23 22:29:06,13.0349,-9.4895,76.26,20,94,4.43
262,Padang,ID,2022-11-23 22:29:07,-0.9492,100.3543,75.25,87,100,2.48
263,Halifax,CA,2022-11-23 22:26:07,44.6453,-63.5724,37.89,61,75,11.5
264,Luderitz,NA,2022-11-23 22:29:07,-26.6481,15.1594,60.82,83,0,10.33
265,Benguela,AO,2022-11-23 22:29:08,-12.5763,13.4055,77.02,86,22,1.83
266,Boa Vista,BR,2022-11-23 22:29:08,2.8197,-60.6733,82.38,74,75,2.3
267,Yaan,NG,2022-11-23 22:30:09,7.3833,8.5667,76.01,25,3,4.05
268,Feijo,BR,2022-11-23 22:30:09,-8.1642,-70.3536,72.18,94,98,2.66
269,Brae,GB,2022-11-23 22:30:10,60.3964,-1.353,48.18,91,100,29.28
270,Jishou,CN,2022-11-23 22:30:10,28.3167,109.7167,56.52,90,91,2.06
271,Rajpur,IN,2022-11-23 22:30:11,22.3,74.35,63.45,41,57,5.7
272,Una,IN,2022-11-23 22:30:12,20.8167,71.0333,69.82,39,3,8.79
273,Alihe,CN,2022-11-23 22:30:12,50.5667,123.7167,-7.67,99,35,0.63
274,Praia Da Vitoria,PT,2022-11-23 22:30:13,38.7333,-27.0667,61.75,94,20,13.18
275,Maceio,BR,2022-11-23 22:30:13,-9.6658,-35.7353,74.64,88,0,6.91
276,Sao Jose Da Coroa Grande,BR,2022-11-23 22:30:14,-8.8978,-35.1478,77.47,77,73,8.12
277,Nabire,ID,2022-11-23 22:30:14,-3.3667,135.4833,76.33,89,100,2.21
278,Chapais,CA,2022-11-23 22:25:19,49.7834,-74.8492,10.18,92,19,0.29
279,Adre,TD,2022-11-23 22:30:15,13.4667,22.2,68.99,30,43,8.75
280,Barrow,US,2022-11-23 22:30:15,71.2906,-156.7887,8.62,78,100,6.91
281,Talara,PE,2022-11-23 22:30:16,-4.5772,-81.2719,74.16,64,0,12.66
282,Yen Bai,VN,2022-11-23 22:30:16,21.7,104.8667,73.42,96,100,1.74
283,Hami,CN,2022-11-23 22:30:17,42.8,93.45,33.58,44,100,5.97
284,Bengkulu,ID,2022-11-23 22:30:17,-3.8004,102.2655,74.48,89,98,4.27
285,Lamu,KE,2022-11-23 22:30:18,-2.2717,40.902,77.9,82,84,7.58
286,Andros Town,BS,2022-11-23 22:30:18,24.7,-77.7667,80.56,73,12,8.88
287,Touros,BR,2022-11-23 22:30:19,-5.1989,-35.4608,78.78,77,10,13.24
288,Kodiak,US,2022-11-23 22:30:20,57.79,-152.4072,27.91,80,100,24.16
289,Yugorsk,RU,2022-11-23 22:28:51,61.3133,63.3319,-0.74,96,6,3.6
290,Abu Dhabi,AE,2022-11-23 22:29:52,24.4667,54.3667,77.11,80,0,2.3
291,Lorengau,PG,2022-11-23 22:30:20,-2.0226,147.2712,84.36,71,22,10.11
292,Lazaro Cardenas,MX,2022-11-23 22:30:21,17.9583,-102.2,82.18,71,0,7.72
293,Pimentel,PE,2022-11-23 22:30:21,-6.8367,-79.9342,71.89,64,0,20.71
294,Korla,CN,2022-11-23 22:30:22,41.7597,86.1469,35.71,39,23,6.44
295,Razole,IN,2022-11-23 22:30:23,16.4833,81.8333,73.87,94,6,3.69
296,Sinnamary,GF,2022-11-23 22:30:23,5.3833,-52.95,78.58,85,99,10.42
297,Manavalakurichi,IN,2022-11-23 22:30:24,8.1333,77.3,73.83,73,91,9.66
298,Ramnagar,IN,2022-11-23 22:30:25,29.4,79.1167,56.8,61,0,3.83
299,Camacha,PT,2022-11-23 22:30:26,33.0833,-16.3333,65.62,64,75,9.22
300,Mufumbwe,ZM,2022-11-23 22:30:27,-13.6833,24.8,63.54,86,98,2.93
301,Totoral,PE,2022-11-23 22:30:29,-17.4053,-70.365,61.63,57,62,3.44
302,Hagere Hiywet,ET,2022-11-23 22:30:29,8.9833,37.85,57.4,66,97,2.44
303,Hakkari,TR,2022-11-23 22:30:30,37.5833,44.1667,24.58,80,20,2.3
304,Attur,IN,2022-11-23 22:30:31,11.6,78.6167,73.24,94,96,1.86
305,Ilulissat,GL,2022-11-23 22:30:32,69.2167,-51.1,17.62,93,100,0.0
306,Roxana,CR,2022-11-23 22:30:32,10.2753,-83.7513,81.03,97,99,0.81
307,Barkhan,PK,2022-11-23 22:30:33,29.8977,69.5256,55.38,17,100,2.37
308,Bilma,NE,2022-11-23 22:30:34,18.6853,12.9164,66.72,22,65,10.96
309,Petauke,ZM,2022-11-23 22:30:34,-14.2426,31.3253,68.59,73,21,5.5
310,Ocos,GT,2022-11-23 22:30:35,14.5094,-92.1933,87.98,72,81,5.91
311,Japura,ID,2022-11-23 22:30:35,-0.3167,102.35,72.97,90,98,1.72
312,Ostrovnoy,RU,2022-11-23 22:30:36,68.0531,39.5131,26.06,85,99,5.06
313,Buzmeyin,TM,2022-11-23 22:30:36,38.0507,58.2056,56.93,35,100,11.5
314,Shirokiy,RU,2022-11-23 22:30:37,49.758,129.523,-10.68,100,53,2.95
315,Mount Gambier,AU,2022-11-23 22:31:38,-37.8333,140.7667,57.51,60,100,6.38
316,Verkhoyansk,RU,2022-11-23 22:31:38,67.5447,133.385,-42.0,100,72,1.1
317,Nyaunglebin,MM,2022-11-23 22:31:39,17.95,96.7333,69.3,87,65,5.53
318,Bairiki,KI,2022-11-23 22:31:39,1.3292,172.9752,84.2,65,20,8.05
319,Qui Nhon,VN,2022-11-23 22:31:40,13.7667,109.2333,76.78,88,99,2.08
320,Okhotsk,RU,2022-11-23 22:31:40,59.3833,143.3,-1.55,82,98,18.19
321,Shostka,UA,2022-11-23 22:31:41,51.863,33.4698,18.23,97,93,1.07
322,Liezen,AT,2022-11-23 22:31:41,47.5667,14.2333,29.62,96,61,4.16
323,Taoudenni,ML,2022-11-23 22:31:42,22.6783,-3.9836,73.83,9,100,9.31
324,Tommot,RU,2022-11-23 22:31:42,58.9564,126.2925,-5.66,100,100,2.04
325,Tokur,RU,2022-11-23 22:31:43,53.1333,132.9,-20.27,100,96,2.66
326,Oyama,JP,2022-11-23 22:28:23,36.3,139.8,56.59,73,43,4.83
327,Dong Hoi,VN,2022-11-23 22:31:44,17.4833,106.6,76.08,92,100,4.5
328,Taltal,CL,2022-11-23 22:31:44,-25.4,-70.4833,65.12,79,25,3.13
329,Husavik,IS,2022-11-23 22:31:45,66.0449,-17.3389,37.72,98,100,8.34
330,Marystown,CA,2022-11-23 22:31:45,47.1666,-55.1483,33.42,68,96,24.76
331,Klyuchevskiy,RU,2022-11-23 22:31:46,53.5317,119.4519,-2.15,99,100,1.36
332,Uglich,RU,2022-11-23 22:31:46,57.5275,38.3317,22.39,95,100,6.38
333,Bambous Virieux,MU,2022-11-23 22:31:47,-20.3428,57.7575,76.21,88,40,6.91
334,Sangolqui,EC,2022-11-23 22:31:47,-0.3341,-78.4522,63.09,85,94,3.67
335,Andenes,NO,2022-11-23 22:31:48,69.3143,16.1194,33.78,60,0,17.27
336,Port Lincoln,AU,2022-11-23 22:31:48,-34.7333,135.8667,61.21,68,69,10.16
337,Honiara,SB,2022-11-23 22:31:49,-9.4333,159.95,86.86,64,5,6.38
338,Dunedin,NZ,2022-11-23 22:31:30,-45.8742,170.5036,54.81,64,97,5.01
339,Jiangyou,CN,2022-11-23 22:31:49,31.7667,104.7167,54.9,83,100,2.04
340,Sayyan,YE,2022-11-23 22:31:50,15.1718,44.3244,48.29,62,21,3.91
341,Progreso,MX,2022-11-23 22:31:50,21.2833,-89.6667,87.91,78,49,7.81
342,Dalvik,IS,2022-11-23 22:31:50,65.9702,-18.5286,37.33,99,100,10.22
343,Nanma,CN,2022-11-23 22:31:51,36.1817,118.1583,46.13,87,15,4.25
344,Dhidhdhoo,MV,2022-11-23 22:31:51,6.8833,73.1,81.41,70,86,15.77
345,Mar Del Plata,AR,2022-11-23 22:31:52,-38.0023,-57.5575,73.42,60,0,11.5
346,Tabou,CI,2022-11-23 22:31:52,4.423,-7.3528,78.75,85,58,6.44
347,Yakovlevka,RU,2022-11-23 22:31:53,44.425,133.4772,21.83,91,68,1.81
348,Blackwater,AU,2022-11-23 22:31:53,-23.5833,148.8833,83.43,20,42,6.71
349,Rocha,UY,2022-11-23 22:28:32,-34.4833,-54.3333,67.71,64,3,5.37
350,San Cristobal,VE,2022-11-23 22:31:54,7.7669,-72.225,73.58,97,89,1.39
351,Soanierana Ivongo,MG,2022-11-23 22:31:54,-16.9167,49.5833,71.91,91,52,2.71
352,Luena,AO,2022-11-23 22:31:55,-11.7833,19.9167,61.72,96,88,0.94
353,Flinders,AU,2022-11-23 22:31:55,-34.5833,150.8552,68.18,63,1,5.01
354,Abu Samrah,SY,2022-11-23 22:31:56,35.3029,37.1841,57.65,63,0,6.29
355,Marzuq,YE,2022-11-23 22:31:56,14.4,46.4667,61.18,70,0,2.19
356,Abnub,EG,2022-11-23 22:31:57,27.2696,31.1511,59.22,50,0,7.83
357,Marsa Matruh,EG,2022-11-23 22:31:57,31.3525,27.2453,62.8,42,40,8.05
358,Bay City,US,2022-11-23 22:30:28,43.5945,-83.8889,44.82,73,0,3.44
359,Petropavlovsk-Kamchatskiy,RU,2022-11-23 22:31:58,53.0452,158.6483,27.19,54,75,4.47
360,Mubende,UG,2022-11-23 22:31:58,0.5606,31.39,61.3,98,98,0.85
361,Tiarei,PF,2022-11-23 22:31:59,-17.5333,-149.3333,80.62,82,99,16.08
362,Muros,ES,2022-11-23 22:31:59,42.7762,-9.0603,57.83,79,63,10.8
363,Shingu,JP,2022-11-23 22:33:00,33.7333,135.9833,55.17,78,44,7.85
364,Peniche,PT,2022-11-23 22:33:00,39.3558,-9.3811,59.11,96,55,7.7
365,Shenjiamen,CN,2022-11-23 22:33:01,29.9576,122.298,60.75,71,14,8.59
366,Amapa,BR,2022-11-23 22:33:01,1.0,-52.0,74.19,93,91,4.45
367,Labuhan,ID,2022-11-23 22:33:02,-6.8844,112.2051,79.25,83,96,5.93
368,Tigil,RU,2022-11-23 22:33:03,57.8,158.6667,22.55,83,99,18.21
369,Nouadhibou,MR,2022-11-23 22:33:03,20.931,-17.0347,67.98,77,0,16.11
370,Salinas,US,2022-11-23 22:33:04,36.6777,-121.6555,74.01,36,0,4.61
371,Werda,BW,2022-11-23 22:33:04,-25.2667,23.2833,74.43,52,13,8.25
372,Pinar Del Rio,CU,2022-11-23 22:33:04,22.4175,-83.6981,76.78,77,34,4.32
373,Aden,YE,2022-11-23 22:33:05,12.7794,45.0367,78.91,74,0,15.35
374,Zeya,RU,2022-11-23 22:33:05,53.75,127.2667,-11.65,100,59,3.49
375,Trincomalee,LK,2022-11-23 22:33:06,8.5711,81.2335,75.4,81,94,9.31
376,Rio Cuarto,AR,2022-11-23 22:33:06,-33.1307,-64.3499,92.97,17,0,9.22
377,Wynyard,AU,2022-11-23 22:33:07,-41.0,145.7167,58.98,65,97,10.47
378,Saint-Georges,GD,2022-11-23 22:33:07,12.0564,-61.7485,78.48,83,75,11.5
379,Santa Marta,CO,2022-11-23 22:32:14,11.2408,-74.199,78.89,84,20,3.0
380,Zhezkazgan,KZ,2022-11-23 22:33:08,47.8043,67.7144,30.96,94,100,10.2
381,Garden City,US,2022-11-23 22:30:12,42.3256,-83.331,50.99,54,0,5.75
382,Jimo,CN,2022-11-23 22:33:09,36.3897,120.4622,46.18,100,49,4.47
383,Nome,US,2022-11-23 22:33:09,64.5011,-165.4064,10.47,92,75,4.61
384,Ekhabi,RU,2022-11-23 22:33:10,53.5102,142.9671,16.99,84,34,18.54
385,Tulun,RU,2022-11-23 22:33:10,54.5611,100.5792,5.23,77,100,8.59
386,Nemuro,JP,2022-11-23 22:29:42,43.3236,145.575,47.07,69,100,22.08
387,Adrar,MR,2022-11-23 22:33:11,20.5022,-10.0711,66.56,15,6,9.19
388,Paamiut,GL,2022-11-23 22:33:12,61.994,-49.6678,28.2,64,100,11.63
389,Hokitika,NZ,2022-11-23 22:33:12,-42.7167,170.9667,55.08,72,100,13.38
390,Ponta Do Sol,PT,2022-11-23 22:33:13,32.6667,-17.1,69.71,69,78,3.22
391,Rumuruti,KE,2022-11-23 22:33:13,0.267,36.5389,56.53,95,98,5.48
392,Mwinilunga,ZM,2022-11-23 22:33:14,-11.7358,24.4293,60.49,97,93,1.86
393,Sampit,ID,2022-11-23 22:33:14,-2.5333,112.95,75.54,94,100,1.7
394,Malayal,PH,2022-11-23 22:33:15,7.208,121.942,76.8,80,85,3.94
395,Tautira,PF,2022-11-23 22:33:15,-17.7333,-149.15,76.62,83,100,15.03
396,Nouakchott,MR,2022-11-23 22:33:16,18.0858,-15.9785,67.93,28,1,8.79
397,Khasan,RU,2022-11-23 22:33:16,42.4308,130.6434,37.35,84,44,3.78
398,Almaznyy,RU,2022-11-23 22:33:17,48.0448,40.045,33.08,82,20,1.48
399,Indi,IN,2022-11-23 22:33:17,17.1667,75.9667,70.7,60,79,7.05
400,Dawlatabad,AF,2022-11-23 22:33:18,36.4141,64.9053,55.98,30,0,4.12
401,Vrangel,RU,2022-11-23 22:33:18,42.7297,133.0839,35.64,76,9,8.25
402,Lavrentiya,RU,2022-11-23 22:33:19,65.5833,-171.0,14.14,77,67,4.94
403,Miandrivazo,MG,2022-11-23 22:33:20,-19.5167,45.4667,75.51,77,69,0.94
404,Tala,EG,2022-11-23 22:34:23,30.6803,30.9429,62.71,64,100,3.58
405,Khotynets,RU,2022-11-23 22:34:24,53.1286,35.3966,24.17,95,99,5.03
406,La Ronge,CA,2022-11-23 22:34:25,55.1001,-105.2842,39.45,52,20,10.36
407,Yumen,CN,2022-11-23 22:34:26,40.2833,97.2,34.59,34,46,18.28
408,Grindavik,IS,2022-11-23 22:34:27,63.8424,-22.4338,42.75,70,0,31.07
409,Nizhniy Tsasuchey,RU,2022-11-23 22:34:28,50.5167,115.1333,8.67,90,100,7.65
410,Sioux Lookout,CA,2022-11-23 22:34:29,50.1001,-91.917,35.67,75,75,8.05
411,Saint Anthony,US,2022-11-23 22:34:29,45.0205,-93.218,46.33,50,0,9.22
412,Uusikaupunki,FI,2022-11-23 22:34:30,60.8004,21.4084,29.57,80,100,8.03
413,Jonesboro,US,2022-11-23 22:31:46,35.8423,-90.7043,60.82,31,0,4.61
414,Gawler,AU,2022-11-23 22:34:31,-34.6,138.7333,64.49,71,43,4.54
415,Faanui,PF,2022-11-23 22:34:32,-16.4833,-151.75,79.81,73,82,6.73
416,Honningsvag,NO,2022-11-23 22:34:32,70.9821,25.9704,26.35,80,0,28.77
417,Katangli,RU,2022-11-23 22:34:33,51.7102,143.2326,13.53,84,5,7.58
418,Ust-Nera,RU,2022-11-23 22:34:34,64.5667,143.2,-13.56,99,100,2.55
419,Jalu,LY,2022-11-23 22:34:34,29.0331,21.5482,59.02,56,0,8.46
420,Leningradskiy,RU,2022-11-23 22:33:32,69.3833,178.4167,-12.89,97,100,3.0
421,Mweka,CD,2022-11-23 22:34:36,-4.85,21.5667,66.96,93,51,1.68
422,Morondava,MG,2022-11-23 22:34:37,-20.2833,44.2833,77.11,71,41,0.36
423,Starosubkhangulovo,RU,2022-11-23 22:34:39,53.1031,57.4423,22.08,96,100,4.94
424,Maluso,PH,2022-11-23 22:34:39,6.543,121.8753,77.09,80,97,4.65
425,Skibbereen,IE,2022-11-23 22:34:40,51.55,-9.2667,48.11,75,29,24.67
426,Azangaro,PE,2022-11-23 22:34:41,-14.9167,-70.2167,50.34,52,97,1.74
427,Payo,ID,2022-11-23 22:34:43,-3.7508,103.6372,72.27,94,100,0.72
428,Oktyabrskiy,RU,2022-11-23 22:34:15,54.4815,53.471,34.23,99,100,7.74
429,Smithers,CA,2022-11-23 22:32:03,54.7804,-127.1743,35.92,93,100,11.5
430,Rasulabad,IN,2022-11-23 22:34:44,26.75,80.4833,53.55,37,1,5.66
431,Dalbandin,PK,2022-11-23 22:34:45,28.8947,64.4101,55.08,21,68,4.18
432,Waspan,NI,2022-11-23 22:34:46,14.7419,-83.9717,74.77,95,93,3.8
433,Ponta Delgada,PT,2022-11-23 22:34:47,37.7333,-25.6667,63.32,77,20,11.5
434,Nianzishan,CN,2022-11-23 22:34:48,47.5167,122.8833,10.99,78,44,2.17
435,Carutapera,BR,2022-11-23 22:34:49,-1.195,-46.02,78.4,82,46,7.65
436,Kilembe,UG,2022-11-23 22:34:51,0.2,30.0,60.78,95,100,2.46
437,Guerrero Negro,MX,2022-11-23 22:34:51,27.9769,-114.0611,69.26,34,1,11.81
438,Yangjiang,CN,2022-11-23 22:34:52,21.85,111.9667,70.39,96,100,5.75
439,Quelimane,MZ,2022-11-23 22:34:53,-17.8786,36.8883,76.33,83,61,4.61
440,Hatillo,PR,2022-11-23 22:34:54,18.4863,-66.8254,81.86,89,2,5.01
441,Mugumu,TZ,2022-11-23 22:34:54,-1.85,34.7,62.89,84,89,2.39
442,Komsomolskiy,UZ,2022-11-23 22:34:55,40.4272,71.7189,38.12,87,73,2.3
443,Broken Hill,AU,2022-11-23 22:34:56,-31.95,141.4333,68.09,42,26,8.1
444,Manggar,ID,2022-11-23 22:34:57,-2.8833,108.2667,79.72,81,97,2.59
445,Tecpan,GT,2022-11-23 22:34:58,14.7623,-90.9947,57.2,82,95,3.53
446,Margate,GB,2022-11-23 22:34:59,51.3813,1.3862,50.9,81,66,5.01
447,Kudahuvadhoo,MV,2022-11-23 22:35:00,2.6708,72.8944,81.45,75,99,15.39
448,Beaverlodge,CA,2022-11-23 22:35:01,55.2166,-119.4361,34.95,82,93,2.37
449,Kamenka,RU,2022-11-23 22:36:02,51.3223,42.7678,32.04,91,100,13.62
450,Longonjo,AO,2022-11-23 22:36:03,-12.9067,15.2533,64.22,93,99,2.75
451,Matara,LK,2022-11-23 22:36:04,5.9485,80.5353,74.7,87,98,6.08
452,Sovetskaya,RU,2022-11-23 22:36:05,44.7769,41.1722,45.34,84,96,8.84
453,Suhbaatar,MN,2022-11-23 22:36:08,50.2314,106.2078,6.67,96,91,2.21
454,Severodvinsk,RU,2022-11-23 22:36:09,64.5635,39.8302,5.11,94,34,4.68
455,Escanaba,US,2022-11-23 22:36:11,45.7453,-87.0646,39.16,87,0,3.24
456,Sabang,ID,2022-11-23 22:36:12,5.8933,95.3214,80.29,77,97,17.54
457,Thaba Nchu,ZA,2022-11-23 22:36:13,-29.2093,26.839,64.74,42,0,7.23
458,Orocue,CO,2022-11-23 22:36:14,4.7912,-71.3354,80.2,71,100,6.91
459,Mirnyy,RU,2022-11-23 22:36:14,62.5353,113.9611,-26.77,74,98,2.01
460,Kurilsk,RU,2022-11-23 22:36:15,45.2333,147.8833,38.91,70,100,9.1
461,Hay River,CA,2022-11-23 22:35:37,60.8156,-115.7999,22.98,80,75,9.22
462,Ovsyanka,RU,2022-11-23 22:36:17,55.9575,92.5519,-7.78,84,100,12.75
463,Damietta,EG,2022-11-23 22:36:18,31.4165,31.8133,69.69,68,78,7.27
464,Kayes,ML,2022-11-23 22:36:19,14.0,-11.0,77.95,16,72,6.38
465,Manching,DE,2022-11-23 22:36:20,48.7166,11.4939,40.19,91,63,2.3
466,Sao Gabriel Da Cachoeira,BR,2022-11-23 22:36:21,-0.1303,-67.0892,74.28,91,92,1.59
467,Baherden,TM,2022-11-23 22:36:23,38.4362,57.4316,60.76,29,100,1.86
468,Healdsburg,US,2022-11-23 22:36:23,38.6105,-122.8692,77.02,45,0,1.01
469,Uige,AO,2022-11-23 22:36:25,-7.6087,15.0613,65.57,97,82,1.59
470,Zhumadian,CN,2022-11-23 22:36:26,32.9794,114.0294,50.88,83,6,4.09
471,Kainantu,PG,2022-11-23 22:36:27,-6.2887,145.8655,69.94,63,91,3.04
472,Miracema Do Tocantins,BR,2022-11-23 22:36:28,-9.5618,-48.3967,72.36,92,100,3.13
473,Beyneu,KZ,2022-11-23 22:36:29,45.3167,55.2,44.89,82,4,12.39
474,Zhangye,CN,2022-11-23 22:36:30,38.9342,100.4517,31.71,40,37,3.0
475,Villa Carlos Paz,AR,2022-11-23 22:31:36,-31.4241,-64.4978,90.05,15,42,5.99
476,Medicine Hat,CA,2022-11-23 22:36:32,50.0501,-110.6683,38.39,81,20,9.22
477,Miraflores,MX,2022-11-23 22:36:33,19.2167,-98.8083,74.05,69,84,3.94
478,Nishihara,JP,2022-11-23 22:36:35,26.1842,127.7558,72.68,92,75,11.5
479,Roma,US,2022-11-23 22:32:16,43.2128,-75.4557,40.95,86,100,0.0
480,Lulea,SE,2022-11-23 22:36:36,65.5842,22.1547,24.87,93,100,5.75
481,Sanmenxia,CN,2022-11-23 22:36:36,34.7747,111.1814,44.6,82,0,0.85
482,Conakry,GN,2022-11-23 22:32:11,9.538,-13.6773,81.43,65,77,2.77
483,Erzin,TR,2022-11-23 22:36:37,36.9559,36.2,59.9,59,29,7.23
484,Acarau,BR,2022-11-23 22:36:38,-2.8856,-40.12,79.56,72,53,18.25
485,Batticaloa,LK,2022-11-23 22:36:39,7.7102,81.6924,77.86,81,100,1.5
486,Dwarka,IN,2022-11-23 22:36:40,22.2394,68.9678,75.74,49,0,5.46
487,Grand Gaube,MU,2022-11-23 22:36:41,-20.0064,57.6608,76.37,72,1,3.0
488,Havelock,US,2022-11-23 22:36:42,34.8791,-76.9013,60.75,58,100,8.05
489,Dicabisagan,PH,2022-11-23 22:36:44,17.0818,122.4157,79.05,84,72,2.06
490,Coihaique,CL,2022-11-23 22:32:28,-45.5752,-72.0662,53.55,54,75,10.36
491,Fiche,ET,2022-11-23 22:36:46,9.8,38.7333,51.1,71,85,1.3
492,Roswell,US,2022-11-23 22:33:51,34.0232,-84.3616,67.78,50,0,0.0
493,Bokoro,TD,2022-11-23 22:36:48,12.3807,17.0568,75.15,16,46,10.78
494,Linqiong,CN,2022-11-23 22:36:49,30.4159,103.4609,57.02,83,89,0.11
495,Aksay,RU,2022-11-23 22:36:50,47.26,39.87,45.25,83,67,21.0
496,Karachi,PK,2022-11-23 22:35:17,24.9056,67.0822,64.22,77,8,3.44
497,Sirajganj,BD,2022-11-23 22:36:52,24.45,89.7167,69.06,61,55,10.07
498,Alibag,IN,2022-11-23 22:37:53,18.6411,72.8792,75.27,54,86,5.23
499,Pasir Gudang,MY,2022-11-23 22:37:54,1.4584,103.8805,79.12,92,75,2.3
500,Isangel,VU,2022-11-23 22:37:55,-19.55,169.2667,84.31,79,31,3.44
501,Teguldet,RU,2022-11-23 22:37:56,57.3064,88.1667,-10.43,94,98,8.63
502,Umm Lajj,SA,2022-11-23 22:37:57,25.0213,37.2685,78.13,68,98,3.31
503,Guanica,PR,2022-11-23 22:37:58,17.9716,-66.908,81.99,77,1,11.27
504,Necochea,AR,2022-11-23 22:34:07,-38.5473,-58.7368,60.75,79,1,8.3
505,Cordoba,AR,2022-11-23 22:37:26,-31.4135,-64.1811,93.24,18,0,8.05
506,Darhan,MN,2022-11-23 22:38:00,49.4867,105.9228,16.14,91,72,6.24
507,Araceli,PH,2022-11-23 22:38:00,10.5529,119.9913,83.3,76,100,11.61
508,Verkhnyaya Inta,RU,2022-11-23 22:38:01,65.9811,60.3094,1.31,97,94,8.66
509,Chama,CH,2022-11-23 22:38:03,47.1821,8.4636,44.62,91,75,3.44
510,Porbandar,IN,2022-11-23 22:38:03,21.6422,69.6093,73.98,33,0,7.58
511,Porto Novo,BJ,2022-11-23 22:38:06,6.4965,2.6036,82.22,81,6,6.02
512,Tilichiki,RU,2022-11-23 22:38:08,60.4667,166.1,7.57,91,100,6.26
513,Swan Hill,AU,2022-11-23 22:38:10,-35.3378,143.5544,63.88,59,0,3.89
514,Thayetmyo,MM,2022-11-23 22:38:11,19.3167,95.1833,67.08,78,21,4.79
515,Pemba,MZ,2022-11-23 22:38:11,-12.974,40.5178,79.5,83,40,9.22
516,Egvekinot,RU,2022-11-23 22:38:12,66.3167,-179.1667,2.8,85,100,11.07
517,Magadan,RU,2022-11-23 22:38:14,59.5667,150.8,-1.07,81,16,7.16
518,Goksun,TR,2022-11-23 22:38:14,38.021,36.4973,41.94,91,71,4.99
519,Morehead,US,2022-11-23 22:37:58,37.2711,-87.1764,55.15,51,0,0.0
520,Tungor,RU,2022-11-23 22:38:16,53.3808,142.9564,15.24,84,22,17.63
521,Vallejo,US,2022-11-23 22:34:44,38.1041,-122.2566,74.62,43,0,5.75
522,Bacolod,PH,2022-11-23 22:37:33,10.6667,122.95,79.95,83,98,5.55
523,Geraldton,AU,2022-11-23 22:38:19,-28.7667,114.6,57.61,88,40,4.61
524,Makakilo City,US,2022-11-23 22:38:21,21.3469,-158.0858,80.92,61,40,11.5
525,Duiwelskloof,ZA,2022-11-23 22:38:22,-23.6934,30.14,68.25,59,21,1.92
526,Todos Santos,MX,2022-11-23 22:38:24,23.45,-110.2167,82.04,61,46,9.01
527,Port Macquarie,AU,2022-11-23 22:37:27,-31.4333,152.9167,74.89,49,11,5.86
528,Suntar,RU,2022-11-23 22:33:30,62.1444,117.6319,-36.53,100,44,1.48
529,Zaporizhzhya,UA,2022-11-23 22:38:25,47.8167,35.1833,40.35,76,99,9.95
530,Matadi,CD,2022-11-23 22:38:26,-5.8167,13.45,76.03,91,51,3.04
531,Palmer,US,2022-11-23 22:38:26,42.1584,-72.3287,44.15,58,40,3.44
532,San Quintin,MX,2022-11-23 22:38:27,30.4833,-115.95,65.07,52,0,10.92
533,Kursk,RU,2022-11-23 22:38:27,51.7303,36.1939,26.8,93,32,4.47
534,Isla Vista,US,2022-11-23 22:38:28,34.4133,-119.861,77.99,33,0,4.61
535,Shepsi,RU,2022-11-23 22:38:28,44.0361,39.1489,59.61,58,100,7.94
536,Copiapo,CL,2022-11-23 22:38:29,-27.3667,-70.3333,64.09,43,0,5.82
537,Dibombari,CM,2022-11-23 22:38:29,4.1787,9.6561,76.53,88,29,0.47
538,Inirida,CO,2022-11-23 22:38:30,3.8653,-67.9239,74.01,95,100,1.14
539,Sistranda,NO,2022-11-23 22:38:30,63.7256,8.834,37.36,60,4,21.94
540,Shetpe,KZ,2022-11-23 22:38:31,44.1667,52.1167,43.29,63,0,5.79
541,Barranca,PE,2022-11-23 22:33:47,-10.75,-77.7667,67.06,81,21,7.11
542,Filadelfia,US,2022-11-23 22:37:25,39.9523,-75.1638,53.1,48,0,3.44
543,Kuala Terengganu,MY,2022-11-23 22:35:15,5.3302,103.1408,76.95,100,40,3.44
544,El Coyote,MX,2022-11-23 22:39:32,25.7,-103.2667,82.42,23,18,7.7
545,Labuan,MY,2022-11-23 22:39:32,5.2767,115.2417,79.16,94,20,0.0
546,Palu,ID,2022-11-23 22:39:33,-0.8917,119.8707,78.87,88,92,2.1
547,Zhuhai,CN,2022-11-23 22:39:33,22.2769,113.5678,73.18,94,40,18.41
548,Gemena,CD,2022-11-23 22:39:34,3.25,19.7667,71.04,89,79,2.57
549,Lasa,IT,2022-11-23 22:39:34,46.6166,10.7002,38.28,91,90,7.29
550,Marawi,PH,2022-11-23 22:39:35,7.9986,124.2928,71.35,88,72,1.54
551,Pontes E Lacerda,BR,2022-11-23 22:39:35,-15.2261,-59.3353,77.97,69,87,4.25
552,Tobe,JP,2022-11-23 22:39:36,33.7447,132.7901,53.31,95,20,3.44
553,Kijang,KR,2022-11-23 22:39:36,35.2442,129.2139,47.93,46,99,4.72
554,Comodoro Rivadavia,AR,2022-11-23 22:38:02,-45.8667,-67.5,75.06,23,0,33.38
555,Prokhorovka,RU,2022-11-23 22:39:37,51.0374,36.7325,26.17,93,52,3.56
